serum_dilution,WHOCC_avg,WHOCC_std
4.1815E-07,1.042430279,0.038555467
1.25445E-06,1.07299617,0.016436694
3.76335E-06,1.030215942,0.004044868
1.12901E-05,1.016833059,0.012798783
3.38702E-05,1.011427363,0.024139446
0.000101611,1.001763085,0.008583811
0.000304832,1.010202196,0.008717898
0.000914495,1.028519008,0.017250288
0.002743484,0.873447219,0.044896729
0.008230453,0.881984132,0.046056656
0.024691358,0.358889755,0.025947073
0.074074074,0.358340095,0.004433982